{"cameraMode":{"drawMode":0,"name":"Shaded","section":"Shading Mode"},"sceneLighting":false,"audioPlay":false,"sceneViewState":{"showFog":true,"showMaterialUpdate":true,"showSkybox":false,"showFlares":true,"showImageEffects":true,"showParticleSystems":true},"in2DMode":false,"pivot":{"x":1.9052996635437012,"y":1.9200000762939454,"z":1.269177794456482},"rotation":{"x":0.11559931188821793,"y":0.13809742033481599,"z":-0.01623152755200863,"w":0.983515739440918},"size":1.691918969154358,"orthographic":true}