{"cameraMode":{"drawMode":0,"name":"Shaded","section":"Shading Mode"},"sceneLighting":false,"audioPlay":false,"sceneViewState":{"showFog":true,"showMaterialUpdate":true,"showSkybox":false,"showFlares":true,"showImageEffects":true,"showParticleSystems":true},"in2DMode":false,"pivot":{"x":-0.800000011920929,"y":-1.2400000095367432,"z":1.600000023841858},"rotation":{"x":0.40307533740997317,"y":0.009609181433916092,"z":-0.004232507199048996,"w":0.9151078462600708},"size":0.2856570780277252,"orthographic":false}